id,winery_id,product_id,media_type,media_url,source_page_url,created_at
1,1,,image,https://www.josephperrier.com/wp-content/uploads/2024/07/Rectangle-52.webp,https://www.josephperrier.com/en/maison/histoire/?v=0b3b97fa6688,2026-04-06 04:02:53
2,1,,image,https://www.josephperrier.com/wp-content/uploads/2024/06/patrimoine.webp,https://www.josephperrier.com/en/maison/histoire/?v=0b3b97fa6688,2026-04-06 04:02:53
3,1,,image,https://www.josephperrier.com/wp-content/uploads/2024/06/savoir-faire.webp,https://www.josephperrier.com/en/maison/histoire/?v=0b3b97fa6688,2026-04-06 04:02:53
4,1,,image,https://www.josephperrier.com/wp-content/uploads/2024/06/actu.webp,https://www.josephperrier.com/en/maison/histoire/?v=0b3b97fa6688,2026-04-06 04:02:53
5,1,,image,https://www.josephperrier.com/wp-content/uploads/2024/06/Cuvees-transparentes_0005_Brut-Royal.webp,https://www.josephperrier.com/en/maison/histoire/?v=0b3b97fa6688,2026-04-06 04:02:53
6,1,,image,https://www.josephperrier.com/wp-content/uploads/2024/06/Cuvees-transparentes_0006_Nature.webp,https://www.josephperrier.com/en/maison/histoire/?v=0b3b97fa6688,2026-04-06 04:02:53
7,1,,image,https://www.josephperrier.com/wp-content/uploads/2024/06/Cuvees-transparentes_0003_Blanc-de-blancs.webp,https://www.josephperrier.com/en/maison/histoire/?v=0b3b97fa6688,2026-04-06 04:02:53
8,1,,image,https://www.josephperrier.com/wp-content/uploads/2024/06/Cuvees-transparentes_0004_Brut-rose.webp,https://www.josephperrier.com/en/maison/histoire/?v=0b3b97fa6688,2026-04-06 04:02:53
9,1,,image,https://www.josephperrier.com/wp-content/uploads/2024/06/Cuvees-transparentes_0007_Vintage.webp,https://www.josephperrier.com/en/maison/histoire/?v=0b3b97fa6688,2026-04-06 04:02:53
10,1,,image,https://www.josephperrier.com/wp-content/uploads/2024/06/Cuvees-transparentes_0002_Demi-sec.webp,https://www.josephperrier.com/en/maison/histoire/?v=0b3b97fa6688,2026-04-06 04:02:53
11,1,,image,https://www.josephperrier.com/wp-content/uploads/2025/01/Joseph-Perrier-Xavier-Lavictoire-Le-Ciergelot-HD-1.webp,https://www.josephperrier.com/en/maison/histoire/?v=0b3b97fa6688,2026-04-06 04:02:53
12,1,,image,https://www.josephperrier.com/wp-content/uploads/2024/06/Cuvees-transparentes_0000_Josephine.webp,https://www.josephperrier.com/en/maison/histoire/?v=0b3b97fa6688,2026-04-06 04:02:53
13,1,,image,https://www.josephperrier.com/wp-content/uploads/2025/01/Joseph-Perrier-Xavier-Lavictoire-Jeroboam-cuvee-200-725.webp,https://www.josephperrier.com/en/maison/histoire/?v=0b3b97fa6688,2026-04-06 04:02:53
14,1,,image,https://www.josephperrier.com/wp-content/uploads/2025/02/image-frise-medaille-1878.webp,https://www.josephperrier.com/en/maison/histoire/?v=0b3b97fa6688,2026-04-06 04:02:53
15,1,,image,https://www.josephperrier.com/wp-content/uploads/2025/02/images-frise-1976.webp,https://www.josephperrier.com/en/maison/histoire/?v=0b3b97fa6688,2026-04-06 04:02:53
16,1,,image,https://www.josephperrier.com/wp-content/uploads/2025/02/JCF-x-Prince-Charles.webp,https://www.josephperrier.com/en/maison/histoire/?v=0b3b97fa6688,2026-04-06 04:02:53
17,1,,image,https://www.josephperrier.com/wp-content/uploads/2025/02/image-frise-2025.png,https://www.josephperrier.com/en/maison/histoire/?v=0b3b97fa6688,2026-04-06 04:02:53
18,1,,image,https://www.josephperrier.com/wp-content/uploads/2025/02/frise-horizontale.webp,https://www.josephperrier.com/en/maison/famille/?v=0b3b97fa6688,2026-04-06 04:02:54
19,1,,image,https://www.josephperrier.com/wp-content/uploads/2024/06/patrimoine.webp,https://www.josephperrier.com/en/maison/famille/?v=0b3b97fa6688,2026-04-06 04:02:54
20,1,,image,https://www.josephperrier.com/wp-content/uploads/2024/06/savoir-faire.webp,https://www.josephperrier.com/en/maison/famille/?v=0b3b97fa6688,2026-04-06 04:02:54
21,1,,image,https://www.josephperrier.com/wp-content/uploads/2024/06/actu.webp,https://www.josephperrier.com/en/maison/famille/?v=0b3b97fa6688,2026-04-06 04:02:54
22,1,,image,https://www.josephperrier.com/wp-content/uploads/2024/06/Cuvees-transparentes_0005_Brut-Royal.webp,https://www.josephperrier.com/en/maison/famille/?v=0b3b97fa6688,2026-04-06 04:02:54
23,1,,image,https://www.josephperrier.com/wp-content/uploads/2024/06/Cuvees-transparentes_0006_Nature.webp,https://www.josephperrier.com/en/maison/famille/?v=0b3b97fa6688,2026-04-06 04:02:54
24,1,,image,https://www.josephperrier.com/wp-content/uploads/2024/06/Cuvees-transparentes_0003_Blanc-de-blancs.webp,https://www.josephperrier.com/en/maison/famille/?v=0b3b97fa6688,2026-04-06 04:02:54
25,1,,image,https://www.josephperrier.com/wp-content/uploads/2024/06/Cuvees-transparentes_0004_Brut-rose.webp,https://www.josephperrier.com/en/maison/famille/?v=0b3b97fa6688,2026-04-06 04:02:54
26,1,,image,https://www.josephperrier.com/wp-content/uploads/2024/06/Cuvees-transparentes_0007_Vintage.webp,https://www.josephperrier.com/en/maison/famille/?v=0b3b97fa6688,2026-04-06 04:02:54
27,1,,image,https://www.josephperrier.com/wp-content/uploads/2024/06/Cuvees-transparentes_0002_Demi-sec.webp,https://www.josephperrier.com/en/maison/famille/?v=0b3b97fa6688,2026-04-06 04:02:54
28,1,,image,https://www.josephperrier.com/wp-content/uploads/2025/01/Joseph-Perrier-Xavier-Lavictoire-Le-Ciergelot-HD-1.webp,https://www.josephperrier.com/en/maison/famille/?v=0b3b97fa6688,2026-04-06 04:02:54
29,1,,image,https://www.josephperrier.com/wp-content/uploads/2024/06/Cuvees-transparentes_0000_Josephine.webp,https://www.josephperrier.com/en/maison/famille/?v=0b3b97fa6688,2026-04-06 04:02:54
30,1,,image,https://www.josephperrier.com/wp-content/uploads/2025/01/Joseph-Perrier-Xavier-Lavictoire-Jeroboam-cuvee-200-725.webp,https://www.josephperrier.com/en/maison/famille/?v=0b3b97fa6688,2026-04-06 04:02:54
31,1,,image,https://www.josephperrier.com/wp-content/uploads/2025/02/frise-horizontale-1024x474.webp,https://www.josephperrier.com/en/maison/famille/?v=0b3b97fa6688,2026-04-06 04:02:54
32,1,,image,https://www.josephperrier.com/wp-content/uploads/2024/07/Group-43-622x1024.webp,https://www.josephperrier.com/en/maison/famille/?v=0b3b97fa6688,2026-04-06 04:02:54
33,1,,image,https://www.josephperrier.com/wp-content/uploads/2025/01/PIERRE-ET-ROGER-PITHOIS.jpg,https://www.josephperrier.com/en/maison/famille/?v=0b3b97fa6688,2026-04-06 04:02:54
34,1,,image,https://www.josephperrier.com/wp-content/uploads/2025/01/BENJAMIN-JC-FOURMON-768x768.jpg,https://www.josephperrier.com/en/maison/famille/?v=0b3b97fa6688,2026-04-06 04:02:54
35,1,,image,https://www.josephperrier.com/wp-content/uploads/2025/02/equipe-2024-1-1024x684.webp,https://www.josephperrier.com/en/maison/famille/?v=0b3b97fa6688,2026-04-06 04:02:54
36,1,,image,https://www.josephperrier.com/wp-content/uploads/2024/07/benjamin_jope.webp,https://www.josephperrier.com/en/maison/famille/?v=0b3b97fa6688,2026-04-06 04:02:54
37,1,,image,https://www.josephperrier.com/wp-content/uploads/2024/07/jp-fourmon.webp,https://www.josephperrier.com/en/maison/famille/?v=0b3b97fa6688,2026-04-06 04:02:54
38,1,,image,https://www.josephperrier.com/wp-content/uploads/2024/07/nathalie_jope.webp,https://www.josephperrier.com/en/maison/famille/?v=0b3b97fa6688,2026-04-06 04:02:54
39,1,,image,https://www.josephperrier.com/wp-content/uploads/2025/10/LAURENZO-DIOUY.webp,https://www.josephperrier.com/en/maison/famille/?v=0b3b97fa6688,2026-04-06 04:02:54
40,1,,image,https://www.josephperrier.com/wp-content/uploads/2025/02/D001_CARTE-CHAMPAGNE.pdf,https://www.josephperrier.com/en/maison/vignoble/?v=0b3b97fa6688,2026-04-06 04:02:55
41,1,,image,https://www.josephperrier.com/wp-content/uploads/2024/06/patrimoine.webp,https://www.josephperrier.com/en/maison/vignoble/?v=0b3b97fa6688,2026-04-06 04:02:55
42,1,,image,https://www.josephperrier.com/wp-content/uploads/2024/06/savoir-faire.webp,https://www.josephperrier.com/en/maison/vignoble/?v=0b3b97fa6688,2026-04-06 04:02:55
43,1,,image,https://www.josephperrier.com/wp-content/uploads/2024/06/actu.webp,https://www.josephperrier.com/en/maison/vignoble/?v=0b3b97fa6688,2026-04-06 04:02:55
44,1,,image,https://www.josephperrier.com/wp-content/uploads/2024/06/Cuvees-transparentes_0005_Brut-Royal.webp,https://www.josephperrier.com/en/maison/vignoble/?v=0b3b97fa6688,2026-04-06 04:02:55
45,1,,image,https://www.josephperrier.com/wp-content/uploads/2024/06/Cuvees-transparentes_0006_Nature.webp,https://www.josephperrier.com/en/maison/vignoble/?v=0b3b97fa6688,2026-04-06 04:02:55
46,1,,image,https://www.josephperrier.com/wp-content/uploads/2024/06/Cuvees-transparentes_0003_Blanc-de-blancs.webp,https://www.josephperrier.com/en/maison/vignoble/?v=0b3b97fa6688,2026-04-06 04:02:55
47,1,,image,https://www.josephperrier.com/wp-content/uploads/2024/06/Cuvees-transparentes_0004_Brut-rose.webp,https://www.josephperrier.com/en/maison/vignoble/?v=0b3b97fa6688,2026-04-06 04:02:55
48,1,,image,https://www.josephperrier.com/wp-content/uploads/2024/06/Cuvees-transparentes_0007_Vintage.webp,https://www.josephperrier.com/en/maison/vignoble/?v=0b3b97fa6688,2026-04-06 04:02:55
49,1,,image,https://www.josephperrier.com/wp-content/uploads/2024/06/Cuvees-transparentes_0002_Demi-sec.webp,https://www.josephperrier.com/en/maison/vignoble/?v=0b3b97fa6688,2026-04-06 04:02:55
50,1,,image,https://www.josephperrier.com/wp-content/uploads/2025/01/Joseph-Perrier-Xavier-Lavictoire-Le-Ciergelot-HD-1.webp,https://www.josephperrier.com/en/maison/vignoble/?v=0b3b97fa6688,2026-04-06 04:02:55
51,1,,image,https://www.josephperrier.com/wp-content/uploads/2024/06/Cuvees-transparentes_0000_Josephine.webp,https://www.josephperrier.com/en/maison/vignoble/?v=0b3b97fa6688,2026-04-06 04:02:55
52,1,,image,https://www.josephperrier.com/wp-content/uploads/2025/01/Joseph-Perrier-Xavier-Lavictoire-Jeroboam-cuvee-200-725.webp,https://www.josephperrier.com/en/maison/vignoble/?v=0b3b97fa6688,2026-04-06 04:02:55
53,1,,image,https://www.josephperrier.com/wp-content/uploads/2024/07/image-11.webp,https://www.josephperrier.com/en/maison/vignoble/?v=0b3b97fa6688,2026-04-06 04:02:55
54,1,,image,https://www.josephperrier.com/wp-content/uploads/2024/07/image-14.webp,https://www.josephperrier.com/en/maison/vignoble/?v=0b3b97fa6688,2026-04-06 04:02:55
55,1,,image,https://www.josephperrier.com/wp-content/uploads/2024/06/patrimoine.webp,https://www.josephperrier.com/en/magasin/cave-amasio/?v=0b3b97fa6688,2026-04-06 04:02:56
56,1,,image,https://www.josephperrier.com/wp-content/uploads/2024/06/savoir-faire.webp,https://www.josephperrier.com/en/magasin/cave-amasio/?v=0b3b97fa6688,2026-04-06 04:02:56
57,1,,image,https://www.josephperrier.com/wp-content/uploads/2024/06/actu.webp,https://www.josephperrier.com/en/magasin/cave-amasio/?v=0b3b97fa6688,2026-04-06 04:02:56
58,1,,image,https://www.josephperrier.com/wp-content/uploads/2024/06/Cuvees-transparentes_0005_Brut-Royal.webp,https://www.josephperrier.com/en/magasin/cave-amasio/?v=0b3b97fa6688,2026-04-06 04:02:56
59,1,,image,https://www.josephperrier.com/wp-content/uploads/2024/06/Cuvees-transparentes_0006_Nature.webp,https://www.josephperrier.com/en/magasin/cave-amasio/?v=0b3b97fa6688,2026-04-06 04:02:56
60,1,,image,https://www.josephperrier.com/wp-content/uploads/2024/06/Cuvees-transparentes_0003_Blanc-de-blancs.webp,https://www.josephperrier.com/en/magasin/cave-amasio/?v=0b3b97fa6688,2026-04-06 04:02:56
61,1,,image,https://www.josephperrier.com/wp-content/uploads/2024/06/Cuvees-transparentes_0004_Brut-rose.webp,https://www.josephperrier.com/en/magasin/cave-amasio/?v=0b3b97fa6688,2026-04-06 04:02:56
62,1,,image,https://www.josephperrier.com/wp-content/uploads/2024/06/Cuvees-transparentes_0007_Vintage.webp,https://www.josephperrier.com/en/magasin/cave-amasio/?v=0b3b97fa6688,2026-04-06 04:02:56
63,1,,image,https://www.josephperrier.com/wp-content/uploads/2024/06/Cuvees-transparentes_0002_Demi-sec.webp,https://www.josephperrier.com/en/magasin/cave-amasio/?v=0b3b97fa6688,2026-04-06 04:02:56
64,1,,image,https://www.josephperrier.com/wp-content/uploads/2025/01/Joseph-Perrier-Xavier-Lavictoire-Le-Ciergelot-HD-1.webp,https://www.josephperrier.com/en/magasin/cave-amasio/?v=0b3b97fa6688,2026-04-06 04:02:56
65,1,,image,https://www.josephperrier.com/wp-content/uploads/2024/06/Cuvees-transparentes_0000_Josephine.webp,https://www.josephperrier.com/en/magasin/cave-amasio/?v=0b3b97fa6688,2026-04-06 04:02:56
66,1,,image,https://www.josephperrier.com/wp-content/uploads/2025/01/Joseph-Perrier-Xavier-Lavictoire-Jeroboam-cuvee-200-725.webp,https://www.josephperrier.com/en/magasin/cave-amasio/?v=0b3b97fa6688,2026-04-06 04:02:56
67,1,,image,https://www.josephperrier.com/wp-content/uploads/2025/02/jope-engagement-visuel2-886x1024.jpg,https://www.josephperrier.com/en/engagements/?v=0b3b97fa6688,2026-04-06 04:02:57
68,1,,image,https://www.josephperrier.com/wp-content/uploads/2024/06/patrimoine.webp,https://www.josephperrier.com/en/engagements/?v=0b3b97fa6688,2026-04-06 04:02:57
69,1,,image,https://www.josephperrier.com/wp-content/uploads/2024/06/savoir-faire.webp,https://www.josephperrier.com/en/engagements/?v=0b3b97fa6688,2026-04-06 04:02:57
70,1,,image,https://www.josephperrier.com/wp-content/uploads/2024/06/actu.webp,https://www.josephperrier.com/en/engagements/?v=0b3b97fa6688,2026-04-06 04:02:57
71,1,,image,https://www.josephperrier.com/wp-content/uploads/2024/06/Cuvees-transparentes_0005_Brut-Royal.webp,https://www.josephperrier.com/en/engagements/?v=0b3b97fa6688,2026-04-06 04:02:57
72,1,,image,https://www.josephperrier.com/wp-content/uploads/2024/06/Cuvees-transparentes_0006_Nature.webp,https://www.josephperrier.com/en/engagements/?v=0b3b97fa6688,2026-04-06 04:02:57
73,1,,image,https://www.josephperrier.com/wp-content/uploads/2024/06/Cuvees-transparentes_0003_Blanc-de-blancs.webp,https://www.josephperrier.com/en/engagements/?v=0b3b97fa6688,2026-04-06 04:02:57
74,1,,image,https://www.josephperrier.com/wp-content/uploads/2024/06/Cuvees-transparentes_0004_Brut-rose.webp,https://www.josephperrier.com/en/engagements/?v=0b3b97fa6688,2026-04-06 04:02:57
75,1,,image,https://www.josephperrier.com/wp-content/uploads/2024/06/Cuvees-transparentes_0007_Vintage.webp,https://www.josephperrier.com/en/engagements/?v=0b3b97fa6688,2026-04-06 04:02:57
76,1,,image,https://www.josephperrier.com/wp-content/uploads/2024/06/Cuvees-transparentes_0002_Demi-sec.webp,https://www.josephperrier.com/en/engagements/?v=0b3b97fa6688,2026-04-06 04:02:57
77,1,,image,https://www.josephperrier.com/wp-content/uploads/2025/01/Joseph-Perrier-Xavier-Lavictoire-Le-Ciergelot-HD-1.webp,https://www.josephperrier.com/en/engagements/?v=0b3b97fa6688,2026-04-06 04:02:57
78,1,,image,https://www.josephperrier.com/wp-content/uploads/2024/06/Cuvees-transparentes_0000_Josephine.webp,https://www.josephperrier.com/en/engagements/?v=0b3b97fa6688,2026-04-06 04:02:57
79,1,,image,https://www.josephperrier.com/wp-content/uploads/2025/01/Joseph-Perrier-Xavier-Lavictoire-Jeroboam-cuvee-200-725.webp,https://www.josephperrier.com/en/engagements/?v=0b3b97fa6688,2026-04-06 04:02:57
80,1,,image,https://www.josephperrier.com/wp-content/uploads/2025/02/visuel1-1.webp,https://www.josephperrier.com/en/engagements/?v=0b3b97fa6688,2026-04-06 04:02:57
81,1,,image,https://www.josephperrier.com/wp-content/uploads/2025/02/visuel2.webp,https://www.josephperrier.com/en/engagements/?v=0b3b97fa6688,2026-04-06 04:02:57
82,1,,image,https://www.josephperrier.com/wp-content/uploads/2025/02/image-34.webp,https://www.josephperrier.com/en/engagements/?v=0b3b97fa6688,2026-04-06 04:02:57
83,1,,image,https://www.josephperrier.com/wp-content/uploads/2025/02/jope-engagement-visuel3-971x1024.jpg,https://www.josephperrier.com/en/engagements/?v=0b3b97fa6688,2026-04-06 04:02:57
84,1,,image,https://www.josephperrier.com/wp-content/uploads/2025/02/visuel3.webp,https://www.josephperrier.com/en/engagements/?v=0b3b97fa6688,2026-04-06 04:02:57
85,1,,image,https://www.josephperrier.com/wp-content/uploads/2025/02/visuel4.webp,https://www.josephperrier.com/en/engagements/?v=0b3b97fa6688,2026-04-06 04:02:57
86,1,,image,https://www.josephperrier.com/wp-content/uploads/2025/02/visuel5.webp,https://www.josephperrier.com/en/engagements/?v=0b3b97fa6688,2026-04-06 04:02:57
87,1,,image,https://www.josephperrier.com/wp-content/uploads/2024/06/patrimoine.webp,https://www.josephperrier.com/en/maison/savoirs-faire/?v=0b3b97fa6688,2026-04-06 04:03:00
88,1,,image,https://www.josephperrier.com/wp-content/uploads/2024/06/savoir-faire.webp,https://www.josephperrier.com/en/maison/savoirs-faire/?v=0b3b97fa6688,2026-04-06 04:03:00
89,1,,image,https://www.josephperrier.com/wp-content/uploads/2024/06/actu.webp,https://www.josephperrier.com/en/maison/savoirs-faire/?v=0b3b97fa6688,2026-04-06 04:03:00
90,1,,image,https://www.josephperrier.com/wp-content/uploads/2024/06/Cuvees-transparentes_0005_Brut-Royal.webp,https://www.josephperrier.com/en/maison/savoirs-faire/?v=0b3b97fa6688,2026-04-06 04:03:00
91,1,,image,https://www.josephperrier.com/wp-content/uploads/2024/06/Cuvees-transparentes_0006_Nature.webp,https://www.josephperrier.com/en/maison/savoirs-faire/?v=0b3b97fa6688,2026-04-06 04:03:00
92,1,,image,https://www.josephperrier.com/wp-content/uploads/2024/06/Cuvees-transparentes_0003_Blanc-de-blancs.webp,https://www.josephperrier.com/en/maison/savoirs-faire/?v=0b3b97fa6688,2026-04-06 04:03:00
93,1,,image,https://www.josephperrier.com/wp-content/uploads/2024/06/Cuvees-transparentes_0004_Brut-rose.webp,https://www.josephperrier.com/en/maison/savoirs-faire/?v=0b3b97fa6688,2026-04-06 04:03:00
94,1,,image,https://www.josephperrier.com/wp-content/uploads/2024/06/Cuvees-transparentes_0007_Vintage.webp,https://www.josephperrier.com/en/maison/savoirs-faire/?v=0b3b97fa6688,2026-04-06 04:03:00
95,1,,image,https://www.josephperrier.com/wp-content/uploads/2024/06/Cuvees-transparentes_0002_Demi-sec.webp,https://www.josephperrier.com/en/maison/savoirs-faire/?v=0b3b97fa6688,2026-04-06 04:03:00
96,1,,image,https://www.josephperrier.com/wp-content/uploads/2025/01/Joseph-Perrier-Xavier-Lavictoire-Le-Ciergelot-HD-1.webp,https://www.josephperrier.com/en/maison/savoirs-faire/?v=0b3b97fa6688,2026-04-06 04:03:00
97,1,,image,https://www.josephperrier.com/wp-content/uploads/2024/06/Cuvees-transparentes_0000_Josephine.webp,https://www.josephperrier.com/en/maison/savoirs-faire/?v=0b3b97fa6688,2026-04-06 04:03:00
98,1,,image,https://www.josephperrier.com/wp-content/uploads/2025/01/Joseph-Perrier-Xavier-Lavictoire-Jeroboam-cuvee-200-725.webp,https://www.josephperrier.com/en/maison/savoirs-faire/?v=0b3b97fa6688,2026-04-06 04:03:00
99,,1,image,https://www.josephperrier.com/wp-content/uploads/2024/07/Cuvees_0005_Brut-Royal_sans_ombre.webp,https://www.josephperrier.com/en/champagnes-et-cuvees/cuvee-royale-brut/,2026-04-06 04:03:03
100,,1,image,https://www.josephperrier.com/wp-content/uploads/2024/07/Cuvees_0005_Brut-Royal_sans_ombre-295x1024.webp,https://www.josephperrier.com/en/champagnes-et-cuvees/cuvee-royale-brut/,2026-04-06 04:03:03
101,,2,image,https://www.josephperrier.com/wp-content/uploads/2024/07/Cuvees_0006_Nature_sans_ombre.webp,https://www.josephperrier.com/en/champagnes-et-cuvees/cuvee-royale-brut-nature/,2026-04-06 04:03:06
102,,2,image,https://www.josephperrier.com/wp-content/uploads/2024/07/Cuvees_0006_Nature_sans_ombre-294x1024.webp,https://www.josephperrier.com/en/champagnes-et-cuvees/cuvee-royale-brut-nature/,2026-04-06 04:03:06
103,,3,image,https://www.josephperrier.com/wp-content/uploads/2024/07/Cuvees_0003_Blanc-de-blancs_sans_ombre.webp,https://www.josephperrier.com/en/champagnes-et-cuvees/cuvee-royale-brut-blanc-de-blancs/,2026-04-06 04:03:09
104,,3,image,https://www.josephperrier.com/wp-content/uploads/2024/07/Cuvees_0003_Blanc-de-blancs_sans_ombre-295x1024.webp,https://www.josephperrier.com/en/champagnes-et-cuvees/cuvee-royale-brut-blanc-de-blancs/,2026-04-06 04:03:09
105,,4,image,https://www.josephperrier.com/wp-content/uploads/2024/07/Cuvees_0004_Brut-rose_sans_ombre.webp,https://www.josephperrier.com/en/champagnes-et-cuvees/cuvee-royale-brut-rose/,2026-04-06 04:03:12
106,,4,image,https://www.josephperrier.com/wp-content/uploads/2024/07/Cuvees_0004_Brut-rose_sans_ombre-295x1024.webp,https://www.josephperrier.com/en/champagnes-et-cuvees/cuvee-royale-brut-rose/,2026-04-06 04:03:12
107,,4,image,https://www.josephperrier.com/wp-content/uploads/2021/03/Vinum.webp,https://www.josephperrier.com/en/champagnes-et-cuvees/cuvee-royale-brut-rose/,2026-04-06 04:03:12
108,,4,image,https://www.josephperrier.com/wp-content/uploads/2025/01/js.1605610837.webp,https://www.josephperrier.com/en/champagnes-et-cuvees/cuvee-royale-brut-rose/,2026-04-06 04:03:12
109,,4,image,https://www.josephperrier.com/wp-content/uploads/2024/07/Cuvees_0005_Brut-Royal_sans_ombre-295x1024.webp,https://www.josephperrier.com/en/champagnes-et-cuvees/cuvee-royale-brut-rose/,2026-04-06 04:03:12
110,,4,image,https://www.josephperrier.com/wp-content/uploads/2024/07/Cuvees_0003_Blanc-de-blancs_sans_ombre-295x1024.webp,https://www.josephperrier.com/en/champagnes-et-cuvees/cuvee-royale-brut-rose/,2026-04-06 04:03:12
111,,4,image,https://www.josephperrier.com/wp-content/uploads/2024/07/Cuvees_0006_Nature_sans_ombre-294x1024.webp,https://www.josephperrier.com/en/champagnes-et-cuvees/cuvee-royale-brut-rose/,2026-04-06 04:03:12
112,,5,image,https://www.josephperrier.com/wp-content/uploads/2024/07/Cuvees_0002_Demi-sec_sans_ombre.webp,https://www.josephperrier.com/en/champagnes-et-cuvees/cuvee-royale-demi-sec/,2026-04-06 04:03:14
113,,5,image,https://www.josephperrier.com/wp-content/uploads/2024/07/Cuvees_0002_Demi-sec_sans_ombre-295x1024.webp,https://www.josephperrier.com/en/champagnes-et-cuvees/cuvee-royale-demi-sec/,2026-04-06 04:03:14
114,,7,image,https://www.josephperrier.com/wp-content/uploads/2025/03/CRV2012.png,https://www.josephperrier.com/en/champagnes-et-cuvees/cuvee-royale-vintage-2012/,2026-04-06 04:03:20
115,,7,image,https://www.josephperrier.com/wp-content/uploads/2025/03/CRV2012-1.png,https://www.josephperrier.com/en/champagnes-et-cuvees/cuvee-royale-vintage-2012/,2026-04-06 04:03:20
116,,7,image,https://www.josephperrier.com/wp-content/uploads/2025/03/CRV2012-1-294x1024.png,https://www.josephperrier.com/en/champagnes-et-cuvees/cuvee-royale-vintage-2012/,2026-04-06 04:03:20
117,,8,image,https://www.josephperrier.com/wp-content/uploads/2025/04/CRV2013.webp,https://www.josephperrier.com/en/champagnes-et-cuvees/cuvee-royale-vintage-2013/,2026-04-06 04:03:24
118,,8,image,https://www.josephperrier.com/wp-content/uploads/2025/04/CRV2013-294x1024.webp,https://www.josephperrier.com/en/champagnes-et-cuvees/cuvee-royale-vintage-2013/,2026-04-06 04:03:24
119,,9,image,https://www.josephperrier.com/wp-content/uploads/2024/07/Cuvees_0007_Vintage_sans_ombre.webp,https://www.josephperrier.com/en/champagnes-et-cuvees/cuvee-royale-vintage-2015/,2026-04-06 04:03:28
120,,9,image,https://www.josephperrier.com/wp-content/uploads/2024/07/Cuvees_0007_Vintage_sans_ombre-295x1024.webp,https://www.josephperrier.com/en/champagnes-et-cuvees/cuvee-royale-vintage-2015/,2026-04-06 04:03:28
121,,9,image,https://www.josephperrier.com/wp-content/uploads/2025/01/js.1605610837.webp,https://www.josephperrier.com/en/champagnes-et-cuvees/cuvee-royale-vintage-2015/,2026-04-06 04:03:28
122,,9,image,https://www.josephperrier.com/wp-content/uploads/2024/07/Cuvees_0003_Blanc-de-blancs_sans_ombre-295x1024.webp,https://www.josephperrier.com/en/champagnes-et-cuvees/cuvee-royale-vintage-2015/,2026-04-06 04:03:28
123,,9,image,https://www.josephperrier.com/wp-content/uploads/2023/02/LA-CAB-SITE-552px-294x1024.png,https://www.josephperrier.com/en/champagnes-et-cuvees/cuvee-royale-vintage-2015/,2026-04-06 04:03:28
124,,10,image,https://www.josephperrier.com/wp-content/uploads/2024/07/Cuvees_0007_Vintage_sans_ombre.webp,https://www.josephperrier.com/en/champagnes-et-cuvees/cuvee-royale-vintage-2018/,2026-04-06 04:03:31
125,,10,image,https://www.josephperrier.com/wp-content/uploads/2024/07/Cuvees_0007_Vintage_sans_ombre-295x1024.webp,https://www.josephperrier.com/en/champagnes-et-cuvees/cuvee-royale-vintage-2018/,2026-04-06 04:03:31
126,,11,image,https://www.josephperrier.com/wp-content/uploads/2025/01/js.1605610837.webp,https://www.josephperrier.com/en/champagnes-et-cuvees/cuvee-ciergelot-2020/,2026-04-06 04:03:33
127,,11,image,https://www.josephperrier.com/wp-content/uploads/2023/02/LA-CAB-SITE-552px-294x1024.png,https://www.josephperrier.com/en/champagnes-et-cuvees/cuvee-ciergelot-2020/,2026-04-06 04:03:33
128,,11,image,https://www.josephperrier.com/wp-content/uploads/2024/07/Cuvees_0000_Josephine_sans_ombre-294x1024.webp,https://www.josephperrier.com/en/champagnes-et-cuvees/cuvee-ciergelot-2020/,2026-04-06 04:03:33
129,,12,image,https://www.josephperrier.com/wp-content/uploads/2025/01/Eshop-200-ANS.webp,https://www.josephperrier.com/en/champagnes-et-cuvees/cuvee-200/,2026-04-06 04:03:36
130,,12,image,https://www.josephperrier.com/wp-content/uploads/2024/07/Cuvees_0007_Vintage_sans_ombre-295x1024.webp,https://www.josephperrier.com/en/champagnes-et-cuvees/cuvee-200/,2026-04-06 04:03:36
131,,12,image,https://www.josephperrier.com/wp-content/uploads/2023/02/LA-CAB-SITE-552px-294x1024.png,https://www.josephperrier.com/en/champagnes-et-cuvees/cuvee-200/,2026-04-06 04:03:36
132,,13,image,https://www.josephperrier.com/wp-content/uploads/2025/03/JO2004-1.png,https://www.josephperrier.com/en/champagnes-et-cuvees/josephine-2004/,2026-04-06 04:03:42
133,,13,image,https://www.josephperrier.com/wp-content/uploads/2025/03/JO2004-1-294x1024.png,https://www.josephperrier.com/en/champagnes-et-cuvees/josephine-2004/,2026-04-06 04:03:42
134,,13,image,https://www.josephperrier.com/wp-content/uploads/2024/07/Cuvees_0000_Josephine_sans_ombre-294x1024.webp,https://www.josephperrier.com/en/champagnes-et-cuvees/josephine-2004/,2026-04-06 04:03:42
135,,13,image,https://www.josephperrier.com/wp-content/uploads/2025/03/JO2012-1-294x1024.webp,https://www.josephperrier.com/en/champagnes-et-cuvees/josephine-2004/,2026-04-06 04:03:42
136,,13,image,https://www.josephperrier.com/wp-content/uploads/2025/03/JO2008-1-294x1024.png,https://www.josephperrier.com/en/champagnes-et-cuvees/josephine-2004/,2026-04-06 04:03:42
137,,14,image,https://www.josephperrier.com/wp-content/uploads/2025/03/JO2008.webp,https://www.josephperrier.com/en/champagnes-et-cuvees/josephine-2008/,2026-04-06 04:03:44
138,,14,image,https://www.josephperrier.com/wp-content/uploads/2025/03/JO2008-1.webp,https://www.josephperrier.com/en/champagnes-et-cuvees/josephine-2008/,2026-04-06 04:03:44
139,,14,image,https://www.josephperrier.com/wp-content/uploads/2025/03/JO2008-1-294x1024.png,https://www.josephperrier.com/en/champagnes-et-cuvees/josephine-2008/,2026-04-06 04:03:44
140,,14,image,https://www.josephperrier.com/wp-content/uploads/2024/07/Cuvees_0000_Josephine_sans_ombre-294x1024.webp,https://www.josephperrier.com/en/champagnes-et-cuvees/josephine-2008/,2026-04-06 04:03:44
141,,15,image,https://www.josephperrier.com/wp-content/uploads/2025/03/JO2012.webp,https://www.josephperrier.com/en/champagnes-et-cuvees/josephine-2012/,2026-04-06 04:03:54
142,,15,image,https://www.josephperrier.com/wp-content/uploads/2025/03/JO2012-1.webp,https://www.josephperrier.com/en/champagnes-et-cuvees/josephine-2012/,2026-04-06 04:03:54
143,,15,image,https://www.josephperrier.com/wp-content/uploads/2025/03/JO2012-1-294x1024.webp,https://www.josephperrier.com/en/champagnes-et-cuvees/josephine-2012/,2026-04-06 04:03:54
144,,15,image,https://www.josephperrier.com/wp-content/uploads/2024/07/Cuvees_0007_Vintage_sans_ombre-295x1024.webp,https://www.josephperrier.com/en/champagnes-et-cuvees/josephine-2012/,2026-04-06 04:03:54
145,,15,image,https://www.josephperrier.com/wp-content/uploads/2024/07/Cuvees_0000_Josephine_sans_ombre-294x1024.webp,https://www.josephperrier.com/en/champagnes-et-cuvees/josephine-2012/,2026-04-06 04:03:54
146,,15,image,https://www.josephperrier.com/wp-content/uploads/2025/03/JO2014-JORDANE-SAGET-294x1024.webp,https://www.josephperrier.com/en/champagnes-et-cuvees/josephine-2012/,2026-04-06 04:03:54
147,,16,image,https://www.josephperrier.com/wp-content/uploads/2024/07/Cuvees_0000_Josephine_sans_ombre.webp,https://www.josephperrier.com/en/champagnes-et-cuvees/josephine-2014/,2026-04-06 04:03:57
148,,16,image,https://www.josephperrier.com/wp-content/uploads/2024/07/Cuvees_0000_Josephine_sans_ombre-294x1024.webp,https://www.josephperrier.com/en/champagnes-et-cuvees/josephine-2014/,2026-04-06 04:03:57
149,,17,image,https://www.josephperrier.com/wp-content/uploads/2025/03/JO2014-JORDANE-SAGET.webp,https://www.josephperrier.com/en/champagnes-et-cuvees/josephine-2014-x-jordane-saget/,2026-04-06 04:04:00
150,,17,image,https://www.josephperrier.com/wp-content/uploads/2025/03/JO2014-JORDANE-SAGET-294x1024.webp,https://www.josephperrier.com/en/champagnes-et-cuvees/josephine-2014-x-jordane-saget/,2026-04-06 04:04:00
151,,17,image,https://www.josephperrier.com/wp-content/uploads/2024/07/Cuvees_0000_Josephine_sans_ombre-294x1024.webp,https://www.josephperrier.com/en/champagnes-et-cuvees/josephine-2014-x-jordane-saget/,2026-04-06 04:04:00
152,,17,image,https://www.josephperrier.com/wp-content/uploads/2025/03/JO2012-1-294x1024.webp,https://www.josephperrier.com/en/champagnes-et-cuvees/josephine-2014-x-jordane-saget/,2026-04-06 04:04:00
153,,17,image,https://www.josephperrier.com/wp-content/uploads/2025/03/JO2008-1-294x1024.png,https://www.josephperrier.com/en/champagnes-et-cuvees/josephine-2014-x-jordane-saget/,2026-04-06 04:04:00
154,,18,image,https://www.josephperrier.com/wp-content/uploads/2025/03/CAB2008-1.webp,https://www.josephperrier.com/en/champagnes-et-cuvees/la-cote-a-bras-2008/,2026-04-06 04:04:03
155,,18,image,https://www.josephperrier.com/wp-content/uploads/2025/03/CAB2008-1-294x1024.webp,https://www.josephperrier.com/en/champagnes-et-cuvees/la-cote-a-bras-2008/,2026-04-06 04:04:03
156,,18,image,https://www.josephperrier.com/wp-content/uploads/2023/02/LA-CAB-SITE-552px-294x1024.png,https://www.josephperrier.com/en/champagnes-et-cuvees/la-cote-a-bras-2008/,2026-04-06 04:04:03
157,,19,image,https://www.josephperrier.com/wp-content/uploads/2025/03/CAB200920102011-1.webp,https://www.josephperrier.com/en/champagnes-et-cuvees/la-cote-a-bras-2009/,2026-04-06 04:04:06
158,,19,image,https://www.josephperrier.com/wp-content/uploads/2025/03/CAB200920102011-1-294x1024.webp,https://www.josephperrier.com/en/champagnes-et-cuvees/la-cote-a-bras-2009/,2026-04-06 04:04:06
159,,20,image,https://www.josephperrier.com/wp-content/uploads/2025/03/CAB200920102011-1.webp,https://www.josephperrier.com/en/champagnes-et-cuvees/la-cote-a-bras-2010/,2026-04-06 04:04:10
160,,20,image,https://www.josephperrier.com/wp-content/uploads/2025/03/CAB200920102011-1-294x1024.webp,https://www.josephperrier.com/en/champagnes-et-cuvees/la-cote-a-bras-2010/,2026-04-06 04:04:10
161,,21,image,https://www.josephperrier.com/wp-content/uploads/2025/03/CAB200920102011-1.webp,https://www.josephperrier.com/en/champagnes-et-cuvees/la-cote-a-bras-2011/,2026-04-06 04:04:14
162,,21,image,https://www.josephperrier.com/wp-content/uploads/2025/03/CAB200920102011-1-294x1024.webp,https://www.josephperrier.com/en/champagnes-et-cuvees/la-cote-a-bras-2011/,2026-04-06 04:04:14
163,,22,image,https://www.josephperrier.com/wp-content/uploads/2025/03/CAB2012-1-1.webp,https://www.josephperrier.com/en/champagnes-et-cuvees/la-cote-a-bras-2012/,2026-04-06 04:04:16
164,,22,image,https://www.josephperrier.com/wp-content/uploads/2025/03/CAB2012-1-1-294x1024.webp,https://www.josephperrier.com/en/champagnes-et-cuvees/la-cote-a-bras-2012/,2026-04-06 04:04:16
165,,22,image,https://www.josephperrier.com/wp-content/uploads/2023/02/LA-CAB-SITE-552px-294x1024.png,https://www.josephperrier.com/en/champagnes-et-cuvees/la-cote-a-bras-2012/,2026-04-06 04:04:16
166,,24,image,https://www.josephperrier.com/wp-content/uploads/2024/07/Cuvees_0007_Vintage_sans_ombre-295x1024.webp,https://www.josephperrier.com/en/champagnes-et-cuvees/la-cote-a-bras-2014/,2026-04-06 04:04:24
167,,24,image,https://www.josephperrier.com/wp-content/uploads/2024/07/Cuvees_0000_Josephine_sans_ombre-294x1024.webp,https://www.josephperrier.com/en/champagnes-et-cuvees/la-cote-a-bras-2014/,2026-04-06 04:04:24
168,,25,image,https://www.josephperrier.com/wp-content/uploads/2023/02/LA-CAB-SITE-552px.png,https://www.josephperrier.com/en/champagnes-et-cuvees/la-cote-a-bras-2015/,2026-04-06 04:04:28
169,,25,image,https://www.josephperrier.com/wp-content/uploads/2023/02/LA-CAB-SITE-552px-294x1024.png,https://www.josephperrier.com/en/champagnes-et-cuvees/la-cote-a-bras-2015/,2026-04-06 04:04:28
170,,25,image,https://www.josephperrier.com/wp-content/uploads/2024/07/Cuvees_0007_Vintage_sans_ombre-295x1024.webp,https://www.josephperrier.com/en/champagnes-et-cuvees/la-cote-a-bras-2015/,2026-04-06 04:04:28
171,,25,image,https://www.josephperrier.com/wp-content/uploads/2024/07/Cuvees_0000_Josephine_sans_ombre-294x1024.webp,https://www.josephperrier.com/en/champagnes-et-cuvees/la-cote-a-bras-2015/,2026-04-06 04:04:28
172,,26,image,https://www.josephperrier.com/wp-content/uploads/2023/02/LA-CAB-SITE-552px.png,https://www.josephperrier.com/en/champagnes-et-cuvees/la-cote-a-bras-2016/,2026-04-06 04:04:31
173,,26,image,https://www.josephperrier.com/wp-content/uploads/2023/02/LA-CAB-SITE-552px-294x1024.png,https://www.josephperrier.com/en/champagnes-et-cuvees/la-cote-a-bras-2016/,2026-04-06 04:04:31
